classifier,accuracy,precision,recall,f1_score,training_time,inference_time,inference_speed
SVM,0.8809523809523809,0.8741496598639455,0.8809523809523809,0.8716759431045146,0.019995450973510742,0.8402979373931885,49.9822719192842
KNN,0.8809523809523809,0.8741496598639455,0.8809523809523809,0.8716759431045146,0.0028307437896728516,3.8265655040740967,10.97589991737581
LogisticRegression,0.8571428571428571,0.8384353741496599,0.8571428571428571,0.8399299113584826,0.015634775161743164,0.8282933235168457,50.706674565083354
