classifier,accuracy,precision,recall,f1_score,training_time,inference_time,inference_speed
SVM,0.8648648648648649,0.8918918918918919,0.8648648648648649,0.8764478764478765,0.01197671890258789,0.6654541492462158,55.601126000808996
KNN,0.8648648648648649,0.8918918918918919,0.8648648648648649,0.8764478764478765,0.0010027885437011719,3.1357898712158203,11.799260001325989
LogisticRegression,0.8378378378378378,0.8648648648648649,0.8378378378378378,0.8494208494208494,0.012595653533935547,0.6353785991668701,58.23299690690818
